{
  "O_X___OXX": {
    "1": -0.1
  },
  "O_XOXO_XX": {
    "1": -0.1
  },
  "X_O_O_X_X": {
    "3": -0.09000000000000001,
    "1": -0.1
  },
  "_X_X__O__": {
    "7": 0.09
  },
  "X___XO___": {
    "1": -0.09000000000000001,
    "3": -0.1
  },
  "X___X___O": {
    "6": -0.08100000000000002,
    "7": -0.09000000000000001,
    "3": -0.09000000000000001
  },
  "X__XOO__X": {
    "7": -0.09000000000000001
  },
  "XO__XOX__": {
    "8": -0.1
  },
  "___XX__O_": {
    "6": -0.081
  },
  "___XX___O": {
    "1": -0.1
  },
  "__XOXO_X_": {
    "8": -0.09
  },
  "X__XO____": {
    "6": -0.08100000000000002
  },
  "XOX_O_X__": {
    "5": -0.1,
    "3": 0.171
  },
  "__XOX____": {
    "5": -0.081
  },
  "XO____X__": {
    "7": -0.09000000000000001,
    "3": -0.09000000000000001,
    "8": -0.1
  },
  "XOXXO____": {
    "8": 0.09
  },
  "__X______": {
    "6": -0.09,
    "0": -0.09,
    "8": -0.081,
    "7": -0.081
  },
  "XOXXOX__O": {
    "7": 0.1,
    "6": 0.0
  },
  "XOX_OX___": {
    "6": -0.1
  },
  "X_X_O____": {
    "8": -0.09000000000000001,
    "1": 0.169023
  },
  "_OXX_____": {
    "7": -0.0171,
    "5": 0.0
  },
  "__X___X_O": {
    "5": -0.1
  },
  "X__O____X": {
    "4": -0.09000000000000001,
    "1": -0.1,
    "5": -0.09000000000000001
  },
  "__XOXO__X": {
    "0": -0.09
  },
  "O__XX____": {
    "2": -0.1,
    "7": -0.1
  },
  "X_XXXO_OO": {
    "1": -0.1
  },
  "XO_O__X_X": {
    "4": -0.1
  },
  "OXO_X____": {
    "6": -0.1
  },
  "X_____O_X": {
    "4": -0.09000000000000001,
    "7": -0.1
  },
  "XOXOOX_X_": {
    "8": 0.0
  },
  "X_X_O__OX": {
    "1": 0.1
  },
  "XOXOO_X_X": {
    "7": 0.1,
    "5": 0.1
  },
  "X_X___XOO": {
    "5": -0.19
  },
  "X______OX": {
    "4": 0.07290000000000002,
    "2": -0.1,
    "1": -0.19,
    "3": -0.09000000000000001
  },
  "___X_XO__": {
    "0": -0.0171
  },
  "___XXO___": {
    "6": -0.081
  },
  "X________": {
    "7": -0.08100000000000002,
    "6": -0.171,
    "2": -0.14580000000000004,
    "5": -0.08100000000000002,
    "4": 0.187898,
    "1": -0.15390000000000004,
    "8": -0.14661000000000002,
    "3": -0.16290000000000002
  },
  "O___X____": {
    "2": -0.09
  },
  "XO__OX_X_": {
    "3": -0.09000000000000001,
    "8": 0.0
  },
  "__X__OX__": {
    "1": -0.1
  },
  "XXOO__XOX": {
    "5": -0.1
  },
  "X_X____O_": {
    "8": -0.09000000000000001
  },
  "X_XXOX_OO": {
    "1": 0.1
  },
  "XO_X_X__O": {
    "4": 0.0
  },
  "___X_X_O_": {
    "8": -0.081
  },
  "XOOOXXXO_": {
    "8": 0.0
  },
  "O_X__X___": {
    "6": -0.1
  },
  "XX_OOX_OX": {
    "2": 0.0
  },
  "XX_XOX_OO": {
    "6": 0.1
  },
  "X__OX____": {
    "8": -0.09000000000000001,
    "6": -0.1
  },
  "__X_X___O": {
    "1": -0.09
  },
  "X_X_____O": {
    "7": -0.09000000000000001
  },
  "OXOX_OX_X": {
    "7": 0.0
  },
  "OXX_X___O": {
    "3": 0.09
  },
  "___X_____": {
    "0": -0.1458,
    "1": -0.019756,
    "6": -0.103851,
    "7": -0.0729,
    "2": -0.081,
    "8": -0.09,
    "4": -0.081,
    "5": -0.0729
  },
  "XOX_O___X": {
    "6": -0.1,
    "7": 0.1
  },
  "_O_X____X": {
    "7": -0.09
  },
  "XO_OOX_XX": {
    "2": -0.1
  },
  "_X_O_XOX_": {
    "0": 0.1
  },
  "X___OOX_X": {
    "1": -0.1
  },
  "X__XOX__O": {
    "7": 0.09,
    "6": 0.171
  },
  "O_XX_XO__": {
    "1": -0.1
  },
  "__X_X__O_": {
    "6": -0.09,
    "8": -0.1
  },
  "O_X_X_O_X": {
    "1": -0.09000000000000001
  },
  "XOX______": {
    "6": 0.0,
    "4": -0.09000000000000001
  },
  "_X_XX_OO_": {
    "8": 0.1
  },
  "X_X_X_O_O": {
    "5": -0.09000000000000001
  },
  "__X_XO___": {
    "8": -0.081
  },
  "_OXXXO___": {
    "6": 0.0
  },
  "X___O___X": {
    "7": -0.08100000000000002,
    "5": -0.08100000000000002,
    "1": -0.09000000000000001,
    "2": -0.09000000000000001,
    "6": -0.09000000000000001,
    "3": -0.09
  },
  "X_O___X__": {
    "4": -0.08100000000000002,
    "5": -0.09000000000000001,
    "1": -0.1
  },
  "XO__OXXXO": {
    "3": 0.0
  },
  "X_____X_O": {
    "2": -0.09000000000000001,
    "7": -0.1
  },
  "X_X___O__": {
    "1": -0.09000000000000001
  },
  "__XXO____": {
    "7": -0.09
  },
  "X_XOX___O": {
    "5": -0.1,
    "7": -0.1
  },
  "_X__O__X_": {
    "8": 0.081
  },
  "X_XO___OX": {
    "6": -0.1
  },
  "XX__O____": {
    "8": 0.081
  },
  "XXOX_X_OO": {
    "4": -0.1
  },
  "X_X_XO__O": {
    "7": -0.09
  },
  "OX_X_XOXO": {
    "4": 0.1
  },
  "XOXOO_XX_": {
    "5": 0.1
  },
  "X____OX__": {
    "3": -0.09000000000000001,
    "8": -0.1
  },
  "X_XO_O__X": {
    "7": -0.1
  },
  "X_OOX_XO_": {
    "1": 0.0
  },
  "X_XXO_OXO": {
    "5": -0.1
  },
  "XOX_X___O": {
    "3": -0.1
  },
  "X_XOXO_XO": {
    "1": -0.1
  },
  "______X__": {
    "8": -0.09,
    "7": -0.081,
    "5": -0.09
  },
  "__X_X_OOX": {
    "5": -0.1
  },
  "X__OX_XO_": {
    "1": -0.1
  },
  "XO__X____": {
    "2": -0.09000000000000001,
    "8": 0.0
  },
  "X_X_O_O_X": {
    "7": -0.1,
    "1": -0.1
  },
  "__XXX_OO_": {
    "1": -0.09
  },
  "OOXXX_O_X": {
    "7": -0.1
  },
  "X___OX___": {
    "1": -0.0729,
    "8": 0.21951
  },
  "X_O__OX_X": {
    "4": -0.1,
    "3": -0.1,
    "7": -0.1
  },
  "____XO_X_": {
    "3": -0.081
  },
  "XOX___O_X": {
    "4": 0.0,
    "3": -0.1,
    "5": -0.1
  },
  "__O_X____": {
    "3": 0.0
  },
  "X__XO_OX_": {
    "8": -0.09000000000000001
  },
  "X__O__X__": {
    "7": -0.09000000000000001,
    "5": -0.09000000000000001
  },
  "XX__O__OX": {
    "3": -0.1,
    "2": -0.09000000000000001
  },
  "OXXX_OX_O": {
    "7": -0.1
  },
  "XX_XO___O": {
    "7": 0.09
  },
  "X___X_XOO": {
    "5": -0.1
  },
  "_XXXO__O_": {
    "6": -0.1
  },
  "OX_X_XO__": {
    "8": 0.09
  },
  "X_OXX___O": {
    "7": -0.1
  },
  "XO______X": {
    "6": -0.09000000000000001
  },
  "_______X_": {
    "5": -0.0729,
    "4": 0.0729,
    "0": -0.081
  },
  "O_X_X____": {
    "8": 0.081
  },
  "X_XO__XO_": {
    "5": -0.1,
    "4": -0.1
  },
  "XO__O_X_X": {
    "7": 0.1
  },
  "X__X_O___": {
    "4": -0.1
  },
  "X_OOXXX_O": {
    "7": 0.0
  },
  "X__X____O": {
    "2": -0.09000000000000001
  },
  "X_X_XOOXO": {
    "3": -0.1
  },
  "___XX_O__": {
    "1": -0.1,
    "7": -0.1
  },
  "X_O_X_X_O": {
    "3": 0.0,
    "1": -0.09000000000000001
  },
  "XO_OX_XXO": {
    "2": 0.0
  },
  "X_OOOXX_X": {
    "7": 0.0,
    "1": -0.1
  },
  "X____O__X": {
    "4": -0.09000000000000001,
    "7": -0.09000000000000001
  },
  "X___O_XOX": {
    "1": 0.34390000000000004
  },
  "_OXXX_OOX": {
    "5": -0.1
  },
  "___X_X__O": {
    "2": -0.1
  },
  "_O_X_X___": {
    "8": 0.0
  },
  "__X__XO__": {
    "4": -0.1
  },
  "OOXX__XOX": {
    "4": 0.1
  },
  "_____X___": {
    "8": -0.09
  },
  "XOX_O_OXX": {
    "5": 0.0
  },
  "XXO____OX": {
    "3": -0.09000000000000001
  },
  "XXOX___O_": {
    "5": -0.1
  },
  "_XOX_O__X": {
    "0": 0.0
  },
  "XOX___XO_": {
    "5": -0.1
  },
  "OXXOXX__O": {
    "6": 0.1
  },
  "X_O_____X": {
    "6": -0.1,
    "5": -0.09000000000000001
  },
  "________X": {
    "1": -0.081,
    "7": -0.09
  },
  "_OXXXOO_X": {
    "7": -0.1,
    "0": 0.0
  },
  "X__XOXOXO": {
    "2": 0.19
  },
  "XOO_XX___": {
    "8": -0.1
  },
  "XX_XOO_OX": {
    "2": -0.1
  },
  "_X_______": {
    "6": 0.1539
  },
  "_X_XO__XO": {
    "2": 0.09
  },
  "XOX_O__X_": {
    "3": 0.081
  },
  "____X____": {
    "1": -0.08100000000000002,
    "6": -0.15561,
    "5": -0.0729,
    "7": -0.15561,
    "3": -0.0729,
    "0": -0.111951,
    "2": -0.09,
    "8": -0.09
  },
  "XX_____O_": {
    "2": -0.08100000000000002
  },
  "_XOXOX_XO": {
    "6": 0.1
  },
  "__X_X_O__": {
    "0": -0.08100000000000002
  },
  "X__O_OX_X": {
    "2": -0.1,
    "7": -0.1
  },
  "X____OXOX": {
    "2": -0.1
  },
  "X_O_X____": {
    "1": -0.09000000000000001,
    "8": -0.08100000000000002,
    "3": -0.1
  },
  "X___O_X__": {
    "2": -0.09000000000000001,
    "1": 0.2349
  },
  "X_____XO_": {
    "1": -0.1,
    "3": -0.09
  },
  "_OXX___OX": {
    "0": 0.09
  },
  "__XXXOO__": {
    "1": -0.09
  },
  "O_XXXO___": {
    "1": -0.1
  },
  "XO____XOX": {
    "3": -0.1
  },