{
  "X________": {
    "7": -0.24390000000000006,
    "6": -0.22851000000000005,
    "2": -0.294849,
    "5": -0.29412000000000005,
    "4": -0.2660931,
    "1": -0.27633969,
    "8": -0.27509310000000003,
    "3": -0.285849,
    "3": -0.16290000000000002,
    "7": -0.08100000000000002,
    "1": -0.15390000000000004,
    "5": -0.08100000000000002,
    "6": -0.09000000000000001,
    "4": -0.06561000000000002,
    "2": -0.14580000000000004,
    "8": -0.14661000000000002
  },
  "XX_____O_": {
    "2": -0.08100000000000002
  },
  "XXO____OX": {
    "3": -0.09000000000000001
  },
  "XXOO__XOX": {
    "5": -0.1
  },
  "XXOO_OXOX": {},
  "XXOO___OX": {},
  "XXO____O_": {},
  "X______O_": {},
  "X_X___O__": {
    "1": -0.09000000000000001
  },
  "XOX___O_X": {
    "4": 0.0,
    "3": -0.1,
    "5": -0.1
  },
  "XOX_O_O_X": {},
  "XOX___O__": {},
  "X_____O__": {},
  "X_O_X____": {
    "1": -0.09000000000000001,
    "8": -0.08100000000000002
  },
  "XOO_X_X__": {
    "8": -0.1
  },
  "XOO_X_X_O": {},
  "XOO_X____": {},
  "X_O______": {},
  "X___XO___": {
    "1": -0.09000000000000001,
    "3": -0.1
  },
  "XO__XOX__": {
    "8": -0.1
  },
  "XO__XOX_O": {},
  "XO__XO___": {},
  "X____O___": {},
  "X___O___X": {
    "7": 0.19409310000000002,
    "5": -0.08100000000000002,
    "1": -0.09000000000000001,
    "2": -0.08100000000000002,
    "6": -0.09000000000000001,
    "2": -0.09000000000000001,
    "7": -0.08100000000000002
  },
  "X___O_XOX": {
    "1": 0.34390000000000004
  },
  "XO__O_XOX": {},
  "X___O__OX": {},
  "X___O____": {},
  "X_X_O____": {
    "8": -0.09000000000000001
  },
  "X_X_O_X_O": {
    "3": -0.1
  },
  "X_XOO_X_O": {},
  "X_X_O___O": {},
  "XOX______": {
    "6": 0.0,
    "4": -0.09000000000000001
  },
  "XOXO__O_X": {},
  "XO_______": {},
  "X_X_X_O_O": {
    "5": -0.09000000000000001
  },
  "X_X_XOOXO": {
    "3": -0.1
  },
  "X_XOXOOXO": {},
  "X_X_XOO_O": {},
  "X___X___O": {
    "6": -0.08100000000000002,
    "7": -0.09000000000000001,
    "3": -0.09000000000000001
  },
  "X___X_O_O": {},
  "X_______O": {},
  "X__OOX__X": {
    "2": 0.0,
    "6": -0.1
  },
  "X_OOOXX_X": {
    "7": 0.0,
    "1": -0.1
  },
  "X_OOOXXOX": {},
  "X_OOOX__X": {},
  "X__O____X": {
    "4": -0.09000000000000001,
    "1": -0.1,
    "5": -0.09000000000000001
  },
  "X__OO___X": {},
  "X__O_____": {},
  "X__OOXO_X": {},
  "XO______X": {
    "6": -0.1,
    "6": -0.09000000000000001
  },
  "XO____O_X": {},
  "X__O__X__": {
    "7": -0.09000000000000001,
    "5": -0.09000000000000001
  },
  "X_XO__XO_": {
    "5": -0.1
  },
  "X_XO_OXO_": {},
  "X__O__XO_": {},
  "X______OX": {
    "4": 0.07290000000000002,
    "2": -0.1,
    "1": -0.1,
    "3": -0.09000000000000001
  },
  "X_X_O__OX": {
    "1": 0.1
  },
  "XOX_O__OX": {},
  "XO__OX_X_": {
    "3": -0.09000000000000001
  },
  "XO_OOX_XX": {
    "2": -0.1
  },
  "XOOOOX_XX": {},
  "XO_OOX_X_": {},
  "X___OX___": {
    "1": -0.08100000000000002
  },
  "XO__OX___": {},
  "XX__O__OX": {
    "3": -0.1,
    "2": -0.09000000000000001
  },
  "XX_OOX_OX": {
    "2": 0.0
  },
  "XXOOOX_OX": {},
  "XX_OO__OX": {},
  "X___X__O_": {
    "6": -0.1
  },
  "X___X_OO_": {},
  "XX_XOO_OX": {
    "2": -0.1
  },
  "XXOXOO_OX": {},
  "X__XOO__X": {
    "7": -0.09000000000000001
  },
  "X__XOO_OX": {},
  "X___OO__X": {},
  "X__OXO___": {},
  "X_X_____O": {
    "7": -0.09000000000000001
  },
  "X_X___XOO": {
    "5": -0.19
  },
  "X_X__OXOO": {},
  "X_X____OO": {},
  "X_X____O_": {
    "8": -0.09000000000000001
  },
  "X_O___X__": {
    "4": -0.08100000000000002,
    "5": -0.09000000000000001,
    "1": -0.1,
    "5": -0.09000000000000001
  },
  "X_O_O_X_X": {
    "3": -0.09000000000000001,
    "1": -0.1,
    "1": -0.1
  },
  "XOOOOXX_X": {},
  "X_OOO_X_X": {},
  "X_O_O_X__": {},
  "XO__X____": {
    "2": -0.09000000000000001,
    "8": 0.0
  },
  "XOO_XX___": {
    "8": -0.1
  },
  "XOO_XX__O": {},
  "____X____": {
    "1": -0.08100000000000002,
    "6": -0.0729
  },
  "_O__X____": {},
  "XOX_O___X": {
    "6": -0.1
  },
  "XO__O___X": {},
  "X_O__OX_X": {
    "4": -0.1,
    "3": -0.1,
    "7": -0.1
  },
  "X_O_OOX_X": {},
  "X_O__OX__": {},
  "X_O_O___X": {},
  "X_____O_X": {
    "4": -0.09000000000000001,
    "7": -0.1
  },
  "X_X_O_O_X": {
    "7": -0.1,
    "1": -0.1
  },
  "X_X_O_OOX": {},
  "X___O_O_X": {},
  "X__X____O": {
    "2": -0.09000000000000001
  },
  "X_OXX___O": {
    "7": -0.1
  },
  "X_OXX__OO": {},
  "X_OX____O": {},
  "X_O____OX": {},
  "X__OX_XO_": {
    "1": -0.1
  },
  "XO_OX_XO_": {},
  "O_X_X_O_X": {
    "1": -0.09000000000000001
  },
  "OOXXX_O_X": {
    "7": -0.1
  },
  "OOXXX_OOX": {},
  "OOX_X_O_X": {},
  "__X_X_O__": {
    "0": -0.08100000000000002
  },
  "O_X_X_O__": {},
  "____X_O__": {},
  "XOX_O_X__": {
    "5": -0.1
  },
  "XOX_OOX__": {},
  "XOX_O____": {},
  "X__X_O___": {
    "4": -0.1
  },
  "X__XOO___": {},
  "X__XO____": {
    "6": -0.08100000000000002
  },
  "X__XO_OX_": {
    "8": -0.09000000000000001
  },
  "X_XXO_OXO": {
    "5": -0.1
  },
  "X_XXOOOXO": {},
  "X__XO_OXO": {},
  "X__XO_O__": {},
  "XOX_O_OXX": {
    "5": 0.0
  },
  "XOX_OOOXX": {},
  "X___X_XOO": {
    "5": -0.1
  },
  "X___XOXOO": {},
  "X___X__OO": {},
  "XO__X_X_O": {
    "3": 0.0
  },
  "XO_OX_XXO": {
    "2": 0.0
  },
  "XOOOX_XXO": {},
  "XO_OX_X_O": {},
  "XO__X___O": {},
  "XO____X__": {
    "7": -0.09000000000000001,
    "3": -0.09000000000000001,
    "8": -0.1,
    "7": -0.09000000000000001
  },
  "XOX___XO_": {
    "5": -0.1
  },
  "XOX__OXO_": {},
  "XO____XO_": {},
  "X_O_____X": {
    "6": -0.1,
    "5": -0.09000000000000001
  },
  "X_O___O_X": {},
  "XO_O____X": {},
  "X_____OOX": {},
  "XO_____OX": {},
  "X____O__X": {
    "4": -0.09000000000000001,
    "7": -0.09000000000000001
  },
  "X___OOX_X": {
    "1": -0.1
  },
  "XO__OOX_X": {},
  "XOO_O_X_X": {},
  "X___O_X__": {
    "2": -0.09000000000000001,
    "1": 0.09000000000000001
  },
  "XO_O__X_X": {
    "4": -0.1
  },
  "XO_OO_X_X": {},
  "XO_O__X__": {},
  "X_____X_O": {
    "2": -0.09000000000000001,
    "7": -0.1
  },
  "X_O_X_X_O": {
    "3": 0.0,
    "1": -0.09000000000000001
  },
  "X_OOXXX_O": {
    "7": 0.0
  },
  "X_OOXXXOO": {},
  "X_OOX_X_O": {},
  "X_O___X_O": {},
  "X_O__XX_O": {
    "1": -0.1
  },
  "XOO__XX_O": {},
  "X____OX__": {
    "3": -0.09000000000000001,
    "8": -0.1
  },
  "X__O_OX_X": {
    "2": -0.1,
    "7": -0.1
  },
  "X_OO_OX_X": {},
  "X__O_OX__": {},
  "X__OX____": {
    "8": -0.09000000000000001,
    "6": -0.1
  },
  "X_XOX___O": {
    "5": -0.1,
    "7": -0.1
  },
  "X_XOXO__O": {},
  "X__OX___O": {},
  "X_O__O__X": {},
  "X_____XO_": {
    "1": -0.1
  },
  "X_____XOO": {},
  "XO____X_O": {},
  "X____OX_O": {},
  "XOO___X__": {},
  "X__O_OXOX": {},
  "X_XO_O__X": {
    "7": -0.1
  },
  "X_XO_O_OX": {},
  "X__O_O__X": {},
  "X_XO___OX": {
    "6": -0.1
  },
  "X_XO__OOX": {},
  "X__O___OX": {},
  "XOX__OO_X": {},
  "XO____XOX": {
    "3": -0.1
  },
  "XO_O__XOX": {},
  "X____OXOX": {
    "2": -0.1
  },
  "X_O__OXOX": {},
  "X____O_OX": {},
  "X___X_O__": {
    "3": -0.1
  },
  "X__OX_O__": {},
  "X_XOX__OO": {},
  "XOO_XXX_O": {
    "7": -0.1
  },
  "XOO_XXXOO": {},
  "X_O_X___O": {},
  "XO__O_X_X": {
    "7": 0.1
  },
  "XO__O_X__": {},
  "___X_____": {
    "0": -0.08100000000000002
  },
  "O_XX_____": {
    "5": -0.09000000000000001
  },
  "O_XXXO___": {
    "1": -0.1
  },
  "OOXXXO___": {},
  "O_XX_O___": {},
  "O__X_____": {},
  "XXO_O_XOX": {
    "5": -0.1
  },
  "XXO_OOXOX": {},
  "XXO_O__OX": {}
}